,exp,time_win,link_type,pv/effect,cMOD,partition,wDIA,cwDEH,wDEN
0,DIA,1,#inter,pv,0.01471138671623582,0.5051923178743503,0.01152206015454512,0.35598445722741134,0.013932324432932495
1,DIA,1,#inter,effect,0.015314383223520966,-0.06818181818181818,-0.17091228593485264,1.939617278026185,1.5389759178362812e-05
