,exp,time_win (h),link_type,pv/effect,c3pMOD,wDIA,cwDEH,DEN,CLS
0,MOD,3,#inter,pv,0.9083078984011935,0.9083078984011935,0.9083078984011935,0.9083078984011935,0.9083078984011935
1,MOD,3,#inter,effect,0.01407902500682,-0.0138653912949302,0.0025959073362518087,0.002986053684890959,-0.021338963120778424
2,DIA,3,#inter,pv,0.32381743333946483,0.03083889189920378,0.3366856666400059,0.8866191845293945,0.32381743333946483
3,DIA,3,#inter,effect,-0.027728150072366037,-0.15537081347169968,0.023159202353590237,0.0020883200052435147,0.05742890530956819
4,DEN,3,#inter,pv,0.7498533801076432,0.7498533801076432,0.7498533801076432,0.9215455869706547,0.7498533801076432
5,DEN,3,#inter,effect,0.01007427817507403,0.033615564424471014,0.016921852577454804,0.001023319371243633,-0.02051083425285935
6,DEH,3,#inter,pv,0.5363301325537523,0.9778287483754083,0.11040862910040469,0.11040862910040469,0.13824448358050953
7,DEH,3,#inter,effect,-0.020059716143268746,0.0009375643023392119,0.04379208068341885,0.022487894583743485,0.08725930325577792
